k,feature_set,repeat_idx,child_seed,rmse_logJ,mae_logJ,bias_logJ,spearman_rho,pearson_r,within_2x_ratio,top3_hit,test_n
3,composition_only,0,2684470948,0.1890957598,0.1588931774,0.1588931774,0.6833333333,0.7820501961,0.8888888889,0.6666666667,9
3,composition_only,1,4091952314,0.1513690731,0.1210163835,0.08802787467,0.6666666667,0.6912282088,1,0.6666666667,9
3,composition_only,2,233227757,0.1045709672,0.07937830398,-0.03801731477,0.6666666667,0.8227801876,1,0.6666666667,9
3,composition_only,3,3276785861,0.1162307769,0.09481303515,-0.01365079116,-0.7666666667,-0.6652026848,1,0,9
3,composition_only,4,3644269654,0.1029365873,0.08597358928,-0.01654539733,0.4666666667,0.7026514236,1,0.3333333333,9
3,composition_only,5,1206282609,0.1752145319,0.1414284387,0.1281716625,0.5666666667,0.5384940646,0.8888888889,0.6666666667,9
3,composition_only,6,3543069911,0.1212798562,0.1079528168,0.08282338979,0.6166666667,0.7788948822,1,0.3333333333,9
3,composition_only,7,3479688010,0.1817639067,0.1410121065,0.1274892131,0.55,0.6704771586,0.8888888889,0.3333333333,9
3,composition_only,8,877132087,0.1159993527,0.08426302422,-0.06871146568,0.6666666667,0.8144256561,1,0.6666666667,9
3,composition_only,9,1244265337,0.1080412242,0.09102725562,-0.01504155814,0.5833333333,0.7388463511,1,0.3333333333,9
3,composition_only,10,2740186692,0.1209757157,0.1002159293,0.05402420982,0.7333333333,0.7900607218,1,0.6666666667,9
3,composition_only,11,3884972972,0.1014407719,0.08262411671,0.02388429856,0.6166666667,0.8275900239,1,0.6666666667,9
3,composition_only,12,829139639,0.1126759583,0.09094714406,-0.03142597777,0.75,0.7981493913,1,0.6666666667,9
3,composition_only,13,2545567356,0.2159811723,0.175180198,0.175180198,0.5666666667,0.6568227893,0.6666666667,0.6666666667,9
3,composition_only,14,2718398101,0.1130249635,0.09807741169,0.08925953045,0.7166666667,0.8966490376,1,0.6666666667,9
3,composition_only,15,176092387,0.158875937,0.1182154898,0.1023568456,0.6,0.7235881098,0.8888888889,0.3333333333,9
3,composition_only,16,3528048386,0.1261799128,0.1024454303,-0.06010254913,0.1333333333,0.7681347452,1,0.6666666667,9
3,composition_only,17,569531098,0.1104415425,0.08777389659,-0.03329903057,0.8833333333,0.8091352121,1,0.6666666667,9
3,composition_only,18,1337295874,0.1738242538,0.1467815605,0.134646891,0.7166666667,0.7874629292,0.8888888889,0.6666666667,9
3,composition_only,19,612016888,0.100497125,0.08251845303,0.01882441519,0.8333333333,0.8484333793,1,0.6666666667,9
3,composition_only,20,232150720,0.1186345742,0.09720089884,-0.04733892397,0.6666666667,0.6952638051,1,0.3333333333,9
3,composition_only,21,2324106676,0.1151549478,0.08784462087,-0.02894766165,-0.2,0.7214197455,1,0.3333333333,9
3,composition_only,22,1658700540,0.1084396037,0.09746155621,0.01172397945,0.75,0.8198476376,1,0.6666666667,9
3,composition_only,23,609942288,0.1265716269,0.1026849084,-0.05772939464,0.6166666667,0.6411164344,1,0.3333333333,9
3,composition_only,24,3405943863,0.1082733174,0.09688911559,0.01005111454,0.75,0.820962572,1,0.6666666667,9
3,composition_only,25,2257503667,0.08254682466,0.06617083275,0.02092394527,0.9333333333,0.9030391457,1,0.6666666667,9
3,composition_only,26,4018327298,0.271439417,0.2233680975,0.2233680975,0.5,0.502877128,0.6666666667,0.3333333333,9
3,composition_only,27,2224437599,0.178021466,0.1447479246,0.1320350301,0.6833333333,0.7409188491,0.8888888889,0.3333333333,9
3,composition_only,28,168388230,0.1020863557,0.08552787013,-0.003847804072,0.6166666667,0.8128618919,1,0.6666666667,9
3,composition_only,29,911875363,0.1051029943,0.09317517281,0.06259999709,0.7166666667,0.8098536416,1,0.6666666667,9
3,composition_only,30,3699796293,0.1105698112,0.08393623011,-0.04274054747,0.9,0.8153877603,1,0.6666666667,9
3,composition_only,31,3195154224,0.120608769,0.09726372919,-0.05569234258,0.75,0.7866230439,1,0.6666666667,9
3,composition_only,32,3621210587,0.143312868,0.1256773738,0.08997942925,0.8,0.7928966637,1,0.6666666667,9
3,composition_only,33,1945778437,0.1449700918,0.1160136055,-0.08445569581,0.06666666667,0.5489951077,1,0.3333333333,9
3,composition_only,34,2384190687,0.1442405151,0.1135618706,-0.08618552714,0.06666666667,0.5679940068,1,0.3333333333,9
3,composition_only,35,3249086786,0.1039502861,0.07024475954,-0.04767962863,0.7666666667,0.7896114304,1,0.3333333333,9
3,composition_only,36,439485575,0.1151549478,0.08784462087,-0.02894766165,-0.2,0.7214197455,1,0.3333333333,9
3,composition_only,37,2217192537,0.1026681696,0.08095188487,0.03712419018,0.8666666667,0.808458711,1,0.6666666667,9
3,composition_only,38,3412522237,0.08771109713,0.06117691791,-0.02292101334,0.8666666667,0.8639685404,1,0.6666666667,9
3,composition_only,39,555567425,0.1365511817,0.1098755208,-0.07966672906,0.25,0.7559581666,1,0.6666666667,9
3,composition_only,40,3399977417,0.1111433342,0.0921463636,-0.02069569574,0.7833333333,0.8004920873,1,0.6666666667,9
3,composition_only,41,2903099886,0.1085927547,0.09386085217,0.03806980855,0.75,0.8457128198,1,0.6666666667,9
3,composition_only,42,151712926,0.271439417,0.2233680975,0.2233680975,0.5,0.502877128,0.6666666667,0.3333333333,9
3,composition_only,43,1207582415,0.1226269957,0.1028028601,-0.03352138232,0.1666666667,0.7540536372,1,0.6666666667,9
3,composition_only,44,2486821540,0.1235885412,0.09792169206,-0.04516021201,0.2166666667,0.7604268734,1,0.6666666667,9
3,composition_only,45,1259821421,0.09779874856,0.07511910408,-0.005975623967,0.9,0.84173982,1,0.6666666667,9
3,composition_only,46,597594931,0.1085084157,0.09040574026,-0.01786158059,0.8,0.8138524431,1,0.6666666667,9
3,composition_only,47,2865206418,0.1129549684,0.1028534344,0.04908970669,0.4666666667,0.4847712075,1,0.3333333333,9
3,composition_only,48,3003750881,0.1176341631,0.09731596677,-0.0457968978,0.8166666667,0.7864234258,1,0.6666666667,9
3,composition_only,49,3312495928,0.1096413893,0.09536041057,0.04039594975,0.75,0.844410627,1,0.6666666667,9
3,composition_only,50,3078168926,0.1085496484,0.08675915991,-0.02517652414,0.6666666667,0.8033602855,1,0.6666666667,9
3,composition_only,51,1005097259,0.1561073195,0.1370268704,0.1218968048,0.6833333333,0.8080410971,1,0.6666666667,9
3,composition_only,52,1646080115,0.1163450335,0.1069028173,0.05456743381,0.6166666667,0.7754581379,1,0.3333333333,9
3,composition_only,53,2175304393,0.09883107551,0.08588293779,0.05104297615,0.75,0.899188889,1,0.6666666667,9
3,composition_only,54,3907648593,0.1084396037,0.09746155621,0.01172397945,0.75,0.8198476376,1,0.6666666667,9
3,composition_only,55,1971688097,0.1466984233,0.1201836455,0.08568056662,0.5333333333,0.5047701275,1,0.6666666667,9
3,composition_only,56,268300483,0.1435407683,0.1260349159,0.09037141567,0.7,0.6201764571,1,0.6666666667,9
3,composition_only,57,3139098279,0.107738212,0.08629036302,-0.0281165743,0.75,0.8183601433,1,0.6666666667,9
3,composition_only,58,3174456534,0.1045072527,0.08408921053,-0.002009606033,0.7166666667,0.7697812307,1,0.3333333333,9
3,composition_only,59,997026310,0.09744665032,0.07319467259,-0.01562762834,0.9166666667,0.8409593327,1,0.6666666667,9
3,composition_only,60,4280428995,0.1159993527,0.08426302422,-0.06871146568,0.6666666667,0.8144256561,1,0.6666666667,9
3,composition_only,61,345698675,0.1026681696,0.08095188487,0.03712419018,0.8666666667,0.808458711,1,0.6666666667,9
3,composition_only,62,2296661869,0.1061405351,0.08981838577,0.02881544674,0.75,0.8510917522,1,0.6666666667,9
3,composition_only,63,1808063307,0.1010651592,0.08401681544,0.05102306881,0.7,0.8726684733,1,0.6666666667,9
3,composition_only,64,3884888703,0.095970351,0.08611086591,0.06885016151,0.9333333333,0.9507128583,1,1,9
3,composition_only,65,2494461129,0.09355624661,0.06812953528,-0.01404788457,0.5833333333,0.7984619509,1,0.3333333333,9
3,composition_only,66,3862701690,0.1085496484,0.08675915991,-0.02517652414,0.6666666667,0.8033602855,1,0.6666666667,9
3,composition_only,67,1989052338,0.1209757157,0.1002159293,0.05402420982,0.7333333333,0.7900607218,1,0.6666666667,9
3,composition_only,68,2910179760,0.2006329703,0.1652162023,0.1652162023,0.7,0.7375452378,0.8888888889,0.6666666667,9
3,composition_only,69,1983180500,0.1113233468,0.08496661052,-0.05366064204,0.5833333333,0.7305353731,1,0.3333333333,9
3,composition_only,70,2796940620,0.1100662904,0.09183493958,-0.01094164272,0.9,0.8074847744,1,0.6666666667,9
3,composition_only,71,2835193311,0.1104619953,0.09224692185,-0.0209417853,0.85,0.7319598319,1,0.6666666667,9
3,composition_only,72,1671370085,0.1540879551,0.117111708,0.1013439609,0.6333333333,0.7581664694,0.8888888889,0.3333333333,9
3,composition_only,73,3953588250,0.08938926708,0.07275266888,0.03550646934,0.8,0.8839730351,1,0.6666666667,9
3,composition_only,74,358542842,0.1449700918,0.1160136055,-0.08445569581,0.06666666667,0.5489951077,1,0.3333333333,9
3,composition_only,75,3497188667,0.1159077037,0.09815849855,-0.03605943207,0.7166666667,0.7020967086,1,0.3333333333,9
3,composition_only,76,253549709,0.1113233468,0.08496661052,-0.05366064204,0.5833333333,0.7305353731,1,0.3333333333,9
3,composition_only,77,1953331372,0.1125060889,0.08586322242,-0.05769488505,0.7166666667,0.808055038,1,0.6666666667,9
3,composition_only,78,890775398,0.1261799128,0.1024454303,-0.06010254913,0.1333333333,0.7681347452,1,0.6666666667,9
3,composition_only,79,642810498,0.1459790594,0.1232689744,0.1032542605,0.5,0.4703712531,1,0.3333333333,9
3,composition_plus_solubility,0,2684470948,0.1896135536,0.1389221102,0.1357790046,0.6833333333,0.7735382329,0.8888888889,0.6666666667,9
3,composition_plus_solubility,1,4091952314,0.177689568,0.1374666764,0.1213476608,0.7,0.7313328265,0.8888888889,0.6666666667,9
3,composition_plus_solubility,2,233227757,0.109608918,0.08516060012,-0.04149372757,0.6666666667,0.8463639531,1,0.6666666667,9
3,composition_plus_solubility,3,3276785861,0.1325831622,0.09762264116,-0.09066863269,0.7666666667,0.6652026848,1,0.6666666667,9
3,composition_plus_solubility,4,3644269654,0.1033163296,0.08047930577,-0.03832311652,0.4666666667,0.7140513995,1,0.3333333333,9
3,composition_plus_solubility,5,1206282609,0.1704411725,0.11853127,0.11853127,0.7,0.6324864232,0.8888888889,0.6666666667,9
3,composition_plus_solubility,6,3543069911,0.09550937323,0.07075334583,0.05358446978,0.6166666667,0.7963075415,1,0.3333333333,9
3,composition_plus_solubility,7,3479688010,0.20289715,0.1539465657,0.1491154418,0.6833333333,0.7389362573,0.7777777778,0.6666666667,9
3,composition_plus_solubility,8,877132087,0.1135892483,0.08917101158,-0.05223833674,0.6666666667,0.8372814141,1,0.6666666667,9
3,composition_plus_solubility,9,1244265337,0.09707231301,0.07335281104,-0.008675511785,0.5833333333,0.7433991272,1,0.3333333333,9
3,composition_plus_solubility,10,2740186692,0.1602558594,0.1199647386,0.09492347043,0.7333333333,0.7809232606,0.8888888889,0.6666666667,9
3,composition_plus_solubility,11,3884972972,0.1000765372,0.07687551165,0.02527860544,0.6166666667,0.850944848,1,0.6666666667,9
3,composition_plus_solubility,12,829139639,0.1010639843,0.07268769139,-0.01922453245,0.75,0.8495037796,1,0.6666666667,9
3,composition_plus_solubility,13,2545567356,0.2009786638,0.1501120539,0.1477426399,0.5666666667,0.701641229,0.7777777778,0.6666666667,9
3,composition_plus_solubility,14,2718398101,0.09637811335,0.07275968307,0.04771846412,0.7166666667,0.8800475171,1,0.6666666667,9
3,composition_plus_solubility,15,176092387,0.1955016036,0.1419075881,0.131387927,0.7333333333,0.7549429278,0.8888888889,0.6666666667,9
3,composition_plus_solubility,16,3528048386,0.1194322996,0.08755616268,-0.06213526601,0.9333333333,0.8362478554,1,0.6666666667,9
3,composition_plus_solubility,17,569531098,0.10662964,0.07603292868,-0.04321570564,0.8833333333,0.8568241024,1,0.6666666667,9
3,composition_plus_solubility,18,1337295874,0.1965003437,0.1477618977,0.1423076056,0.8166666667,0.8096167942,0.8888888889,1,9
3,composition_plus_solubility,19,612016888,0.09404281703,0.07300230585,0.02642792926,0.8333333333,0.8723626129,1,0.6666666667,9
3,composition_plus_solubility,20,232150720,0.1148022199,0.08748682796,-0.06395870808,0.6666666667,0.7445331151,1,0.3333333333,9
3,composition_plus_solubility,21,2324106676,0.1223518801,0.08852838052,-0.06282895914,0.8,0.7899754938,1,0.3333333333,9
3,composition_plus_solubility,22,1658700540,0.1012953645,0.08247128755,0.01602962428,0.75,0.8443014377,1,0.6666666667,9
3,composition_plus_solubility,23,609942288,0.1315491093,0.09813188219,-0.07598701911,0.6166666667,0.6587959387,1,0.3333333333,9
3,composition_plus_solubility,24,3405943863,0.1013972157,0.0826295731,0.01332124012,0.75,0.8457922594,1,0.6666666667,9
3,composition_plus_solubility,25,2257503667,0.05841121282,0.04422220381,0.0001017697232,0.9333333333,0.9499095415,1,0.6666666667,9
3,composition_plus_solubility,26,4018327298,0.1228260126,0.1014304017,0.05442028529,0.5,0.739820472,1,0.3333333333,9
3,composition_plus_solubility,27,2224437599,0.2007785729,0.154542186,0.154542186,0.8,0.7840327198,0.8888888889,0.6666666667,9
3,composition_plus_solubility,28,168388230,0.1014763228,0.07993030983,0.001454369025,0.6166666667,0.8343545783,1,0.6666666667,9
3,composition_plus_solubility,29,911875363,0.08489600672,0.06042891392,0.03703117405,0.7166666667,0.8166685916,1,0.6666666667,9
3,composition_plus_solubility,30,3699796293,0.112155305,0.08179673982,-0.05658053952,0.9,0.866868232,1,0.6666666667,9
3,composition_plus_solubility,31,3195154224,0.109353754,0.08417340932,-0.03930935142,0.75,0.8354208005,1,0.6666666667,9
3,composition_plus_solubility,32,3621210587,0.169288418,0.1340213462,0.1210311113,0.8,0.8030514423,0.8888888889,0.6666666667,9
3,composition_plus_solubility,33,1945778437,0.1295412324,0.09680130204,-0.07812425812,0.5333333333,0.6802522179,1,0.3333333333,9
3,composition_plus_solubility,34,2384190687,0.1405751351,0.1056687936,-0.09150120519,0.5333333333,0.6529048394,0.8888888889,0.3333333333,9
3,composition_plus_solubility,35,3249086786,0.1314373848,0.1003210588,-0.08582545011,0.7666666667,0.8129494238,1,0.3333333333,9
3,composition_plus_solubility,36,439485575,0.1223518801,0.08852838052,-0.06282895914,0.8,0.7899754938,1,0.3333333333,9
3,composition_plus_solubility,37,2217192537,0.0841181604,0.05754919127,-0.00376872769,0.8666666667,0.8638821399,1,0.6666666667,9
3,composition_plus_solubility,38,3412522237,0.08374380923,0.05623638143,-0.01826619101,0.8666666667,0.8917647008,1,0.6666666667,9
3,composition_plus_solubility,39,555567425,0.1247058005,0.09289313967,-0.06993054814,0.8166666667,0.8284205576,1,0.6666666667,9
3,composition_plus_solubility,40,3399977417,0.09973915245,0.07288305272,-0.007441304079,0.7833333333,0.8425129746,1,0.6666666667,9
3,composition_plus_solubility,41,2903099886,0.1008489178,0.08021374986,0.0365210334,0.75,0.8658433528,1,0.6666666667,9
3,composition_plus_solubility,42,151712926,0.1228260126,0.1014304017,0.05442028529,0.5,0.739820472,1,0.3333333333,9
3,composition_plus_solubility,43,1207582415,0.1082657145,0.07465771012,-0.0431611715,0.9,0.8481560196,1,0.6666666667,9
3,composition_plus_solubility,44,2486821540,0.108087951,0.07493736796,-0.03800451409,0.85,0.8340858361,1,0.6666666667,9
3,composition_plus_solubility,45,1259821421,0.08412809591,0.05805651928,-0.002599381136,0.9,0.8840919874,1,0.6666666667,9
3,composition_plus_solubility,46,597594931,0.1046980258,0.08090812879,-0.02523970396,0.8,0.847749196,1,0.6666666667,9
3,composition_plus_solubility,47,2865206418,0.1012467005,0.07920238237,-0.02475393997,0.4666666667,0.4847712075,1,0.3333333333,9
3,composition_plus_solubility,48,3003750881,0.1069516661,0.08302788136,-0.02954333629,0.8166666667,0.8265471929,1,0.6666666667,9
3,composition_plus_solubility,49,3312495928,0.1013087386,0.08179094037,0.04054880327,0.75,0.8659381686,1,0.6666666667,9
3,composition_plus_solubility,50,3078168926,0.1257497794,0.1044679263,0.05450322795,0.6666666667,0.8056750059,1,0.6666666667,9
3,composition_plus_solubility,51,1005097259,0.1604502408,0.1236285608,0.1051934037,0.6833333333,0.7853910773,0.8888888889,0.6666666667,9
3,composition_plus_solubility,52,1646080115,0.09514294737,0.07294462053,0.02707522137,0.6166666667,0.7755682717,1,0.3333333333,9
3,composition_plus_solubility,53,2175304393,0.07968019584,0.0598979676,0.0272942304,0.75,0.91818358,1,0.6666666667,9
3,composition_plus_solubility,54,3907648593,0.1012953645,0.08247128755,0.01602962428,0.75,0.8443014377,1,0.6666666667,9
3,composition_plus_solubility,55,1971688097,0.136958953,0.09740591109,0.0740627298,0.5666666667,0.6106870196,1,0.6666666667,9
3,composition_plus_solubility,56,268300483,0.1355731559,0.1042768777,0.08325111303,0.7,0.6843879746,1,0.6666666667,9
3,composition_plus_solubility,57,3139098279,0.1096535446,0.08584505622,-0.0391498233,0.75,0.8537127878,1,0.6666666667,9
3,composition_plus_solubility,58,3174456534,0.1075327051,0.08321504714,-0.03113085457,0.7166666667,0.8026118691,1,0.3333333333,9
3,composition_plus_solubility,59,997026310,0.08461241795,0.05569909515,-0.01578316973,0.9166666667,0.8922945505,1,0.6666666667,9
3,composition_plus_solubility,60,4280428995,0.1135892483,0.08917101158,-0.05223833674,0.6666666667,0.8372814141,1,0.6666666667,9
3,composition_plus_solubility,61,345698675,0.0841181604,0.05754919127,-0.00376872769,0.8666666667,0.8638821399,1,0.6666666667,9
3,composition_plus_solubility,62,2296661869,0.09106345598,0.06636911729,0.008702544725,0.75,0.8813811474,1,0.6666666667,9
3,composition_plus_solubility,63,1808063307,0.09772021934,0.0722208801,0.04370138152,0.7,0.8900857813,1,0.6666666667,9
3,composition_plus_solubility,64,3884888703,0.07154221107,0.05892147121,0.05619684525,0.9333333333,0.9692076307,1,1,9
3,composition_plus_solubility,65,2494461129,0.1130170473,0.08740877764,-0.04886398983,0.5833333333,0.8026843826,1,0.3333333333,9
3,composition_plus_solubility,66,3862701690,0.1257497794,0.1044679263,0.05450322795,0.6666666667,0.8056750059,1,0.6666666667,9
3,composition_plus_solubility,67,1989052338,0.1602558594,0.1199647386,0.09492347043,0.7333333333,0.7809232606,0.8888888889,0.6666666667,9
3,composition_plus_solubility,68,2910179760,0.1968215851,0.1461494414,0.1434614559,0.7,0.7491609893,0.8888888889,0.6666666667,9
3,composition_plus_solubility,69,1983180500,0.1162921294,0.08675658486,-0.07118934622,0.5833333333,0.7308962276,1,0.3333333333,9
3,composition_plus_solubility,70,2796940620,0.09893713728,0.06819861366,-0.02646457301,0.9,0.8641681753,1,0.6666666667,9
3,composition_plus_solubility,71,2835193311,0.1108737329,0.07566592251,-0.06613688639,0.85,0.7900104405,1,0.6666666667,9
3,composition_plus_solubility,72,1671370085,0.1933319359,0.1394315337,0.1253925664,0.7666666667,0.7752575774,0.8888888889,0.6666666667,9
3,composition_plus_solubility,73,3953588250,0.09698192748,0.07366508874,0.03593783806,0.8,0.894287481,1,0.6666666667,9
3,composition_plus_solubility,74,358542842,0.1295412324,0.09680130204,-0.07812425812,0.5333333333,0.6802522179,1,0.3333333333,9
3,composition_plus_solubility,75,3497188667,0.1112013609,0.08365723957,-0.05065238954,0.7166666667,0.7290113968,1,0.3333333333,9
3,composition_plus_solubility,76,253549709,0.1162921294,0.08675658486,-0.07118934622,0.5833333333,0.7308962276,1,0.3333333333,9
3,composition_plus_solubility,77,1953331372,0.1087203876,0.08163103736,-0.04130488773,0.7166666667,0.8310802837,1,0.6666666667,9
3,composition_plus_solubility,78,890775398,0.1194322996,0.08755616268,-0.06213526601,0.9333333333,0.8362478554,1,0.6666666667,9
3,composition_plus_solubility,79,642810498,0.1119001917,0.08135684496,-0.04655870802,0.5,0.4703712531,1,0.3333333333,9
5,composition_only,0,2684470948,0.09801733003,0.07049116791,-0.004051099007,0.8214285714,0.8201922742,1,0.6666666667,7
5,composition_only,1,4091952314,0.1036772868,0.07992128296,-0.01047641326,0.5357142857,0.7826726352,1,0.3333333333,7
5,composition_only,2,233227757,0.1000188683,0.07935620533,0.02966721818,0.6428571429,0.8153584246,1,0.6666666667,7
5,composition_only,3,3276785861,0.1004111157,0.08470930165,0.0641773112,0.7142857143,0.8958700613,1,0.6666666667,7
5,composition_only,4,3644269654,0.1122498418,0.07958411796,-0.04851240279,0.7857142857,0.7902111697,1,0.6666666667,7
5,composition_only,5,1206282609,0.09867328402,0.0725923981,-0.03370433068,0.8571428571,0.8559616832,1,0.6666666667,7
5,composition_only,6,3543069911,0.1039597148,0.08397822288,-0.001064828298,0.6071428571,0.8448131815,1,0.6666666667,7
5,composition_only,7,3479688010,0.1148169069,0.09526761776,-0.03063244032,0.5357142857,0.7686710966,1,0.6666666667,7
5,composition_only,8,877132087,0.06565529725,0.05657650137,0.02888041882,0.7857142857,0.9201889605,1,0.6666666667,7
5,composition_only,9,1244265337,0.123394712,0.1047369342,-0.05067053033,0.7857142857,0.7922442901,1,0.6666666667,7
5,composition_only,10,2740186692,0.1289775447,0.1210439184,0.06597382456,0.4285714286,0.4568990484,1,0.3333333333,7
5,composition_only,11,3884972972,0.1291478416,0.09874402074,-0.07916357451,0.7857142857,0.7344889225,1,0.6666666667,7
5,composition_only,12,829139639,0.1862003474,0.1487134439,0.1487134439,0.75,0.7857511737,0.8571428571,0.6666666667,7
5,composition_only,13,2545567356,0.1010716665,0.07040300769,-0.05005671937,0.8214285714,0.8039916149,1,0.6666666667,7
5,composition_only,14,2718398101,0.1102188021,0.1019309245,0.1019309245,0.8571428571,0.7956410268,1,1,7
5,composition_only,15,176092387,0.1187165643,0.1078364976,-0.01587696975,0.5357142857,0.7319455697,1,0.3333333333,7
5,composition_only,16,3528048386,0.1083262857,0.09197531625,0.0445450801,0.5357142857,0.734539463,1,0.3333333333,7
5,composition_only,17,569531098,0.1132607907,0.09992056206,0.01263241322,0.7142857143,0.7903414882,1,0.6666666667,7
5,composition_only,18,1337295874,0.1381014671,0.1227732055,0.09129358887,0.5,0.5055264713,1,0.6666666667,7
5,composition_only,19,612016888,0.1257994499,0.1108978059,0.09820649169,0.6785714286,0.8928100393,1,0.6666666667,7
5,composition_only,20,232150720,0.1126923669,0.08782978549,0.07310759365,0.4642857143,0.8412051015,1,0.3333333333,7
5,composition_only,21,2324106676,0.08837431621,0.08056164943,0.02145417745,0.8571428571,0.8959974556,1,0.6666666667,7
5,composition_only,22,1658700540,0.1323591449,0.1038156717,-0.06185133954,-0.6071428571,-0.6150439177,1,0,7
5,composition_only,23,609942288,0.08879347611,0.08163959906,0.0259732775,0.9285714286,0.9145276552,1,0.6666666667,7
5,composition_only,24,3405943863,0.1142389835,0.09172851763,-0.0172096866,0.6071428571,0.7697258533,1,0.3333333333,7
5,composition_only,25,2257503667,0.1275023994,0.1129193817,0.08986467183,0.6785714286,0.7723493147,1,0.6666666667,7
5,composition_only,26,4018327298,0.1469083733,0.1194901952,-0.1121686494,0.6071428571,0.6874026756,1,0.3333333333,7
5,composition_only,27,2224437599,0.1424715659,0.1225731547,0.09323832144,0.4285714286,0.4511828127,1,0.3333333333,7
5,composition_only,28,168388230,0.1330056479,0.1093724196,-0.0906126038,0.6071428571,0.7860917762,1,0.6666666667,7
5,composition_only,29,911875363,0.1328938948,0.1158791111,0.1158791111,0.6785714286,0.922524971,1,0.6666666667,7
5,composition_only,30,3699796293,0.1456243123,0.1252106148,-0.08793464084,0.8928571429,0.6313289426,1,0.6666666667,7
5,composition_only,31,3195154224,0.1069177964,0.0846212387,-0.01265013738,0.8214285714,0.8233901181,1,0.6666666667,7
5,composition_only,32,3621210587,0.1120492186,0.07320661966,-0.05744406015,0.7142857143,0.7980033185,1,0.3333333333,7
5,composition_only,33,1945778437,0.1371870288,0.1202131794,-0.07560596624,0.6071428571,0.6696633117,1,0.3333333333,7
5,composition_only,34,2384190687,0.1153733723,0.1055478473,0.02855980958,0.6785714286,0.7913385671,1,0.3333333333,7
5,composition_only,35,3249086786,0.06456237566,0.05583760209,0.02654616945,0.7857142857,0.926684068,1,0.6666666667,7
5,composition_only,36,439485575,0.1303025355,0.1107044698,-0.03916106268,-0.8571428571,-0.7565280081,1,0,7
5,composition_only,37,2217192537,0.1368905598,0.118859204,-0.05727106706,0.8571428571,0.6332751089,1,0.6666666667,7
5,composition_only,38,3412522237,0.1983976626,0.1615065785,0.1416983454,0.5357142857,0.6035690891,0.8571428571,0.3333333333,7
5,composition_only,39,555567425,0.09956974399,0.08380927568,0.06284748974,0.7142857143,0.8963971287,1,0.6666666667,7
5,composition_only,40,3399977417,0.1736363722,0.1433178889,0.1218352456,0.5357142857,0.5421954711,0.8571428571,0.6666666667,7
5,composition_only,41,2903099886,0.1176981264,0.1032841081,0.002843368899,0.5357142857,0.5416218917,1,0.6666666667,7
5,composition_only,42,151712926,0.1051701957,0.0751134066,-0.04253047021,0.75,0.8050494691,1,0.6666666667,7
5,composition_only,43,1207582415,0.1130858842,0.09626701101,0.08077955656,0.3571428571,0.3949152476,1,0.6666666667,7
5,composition_only,44,2486821540,0.1305227004,0.1035692416,-0.05809383858,-0.1428571429,0.7288716323,1,0.3333333333,7
5,composition_only,45,1259821421,0.200461725,0.1612975862,0.1612975862,0.3214285714,0.3908171575,0.8571428571,0.6666666667,7
5,composition_only,46,597594931,0.109202461,0.09394725288,0.07784488161,0.6428571429,0.5407880728,1,0.6666666667,7
5,composition_only,47,2865206418,0.125052921,0.1042674343,-0.03969194491,0.9642857143,0.7943163043,1,1,7
5,composition_only,48,3003750881,0.08870465798,0.07105650689,0.00837036684,0.7142857143,0.870837497,1,0.6666666667,7
5,composition_only,49,3312495928,0.1055504903,0.08780344625,0.006599820595,0.75,0.8185613918,1,0.6666666667,7
5,composition_only,50,3078168926,0.1106299158,0.09173367051,-0.008486422069,0.1785714286,0.3678377365,1,0.3333333333,7
5,composition_only,51,1005097259,0.1155062545,0.1063246711,0.02930103684,0.6071428571,0.7689791906,1,0.6666666667,7
5,composition_only,52,1646080115,0.1261349422,0.1115004063,-0.02565313578,0.8928571429,0.7106029194,1,1,7
5,composition_only,53,2175304393,0.1113486546,0.08923879003,0.06281711779,0.6071428571,0.6942692461,1,0.6666666667,7
5,composition_only,54,3907648593,0.1453512222,0.1236942627,-0.08978001965,0.8928571429,0.6406933613,1,0.6666666667,7
5,composition_only,55,1971688097,0.1149599717,0.09427490923,-0.03230839741,0.5357142857,0.7739997774,1,0.6666666667,7
5,composition_only,56,268300483,0.1086347782,0.09161608872,0.003490003361,0.9285714286,0.8497687621,1,0.6666666667,7
5,composition_only,57,3139098279,0.1002928783,0.07774843171,0.02194326616,0.7142857143,0.8308865331,1,0.6666666667,7
5,composition_only,58,3174456534,0.07079431695,0.05622612493,-0.01823292388,0.8214285714,0.9018219861,1,0.6666666667,7
5,composition_only,59,997026310,0.1176981264,0.1032841081,0.002843368899,0.5357142857,0.5416218917,1,0.6666666667,7
5,composition_only,60,4280428995,0.1867206038,0.1389259753,0.1389259753,0.25,0.2694509221,0.8571428571,0.3333333333,7
5,composition_only,61,345698675,0.08278603736,0.07416667136,0.01572352438,0.9642857143,0.9172608382,1,0.6666666667,7
5,composition_only,62,2296661869,0.09319579424,0.08419431811,0.02740329621,0.8928571429,0.9093741776,1,1,7
5,composition_only,63,1808063307,0.1143252119,0.09253708099,-0.01549226528,0.9285714286,0.8197604616,1,0.6666666667,7
5,composition_only,64,3884888703,0.132445021,0.09672277382,-0.09303099716,0.8928571429,0.820347365,1,0.6666666667,7
5,composition_only,65,2494461129,0.06456237566,0.05583760209,0.02654616945,0.7857142857,0.926684068,1,0.6666666667,7
5,composition_only,66,3862701690,0.1227924027,0.1064131638,-0.04489190757,0.6428571429,0.7361710415,1,0.6666666667,7
5,composition_only,67,1989052338,0.1421272437,0.1178586375,-0.07445613852,0.03571428571,0.6128525081,1,0.3333333333,7
5,composition_only,68,2910179760,0.1127852715,0.08884557714,-0.03601963895,0.9642857143,0.8219464576,1,0.6666666667,7
5,composition_only,69,1983180500,0.1254425756,0.1024503563,0.1024503563,0.4285714286,0.8869609694,1,0.6666666667,7
5,composition_only,70,2796940620,0.1095297978,0.09268243748,0.007544203597,0.7857142857,0.8503945251,1,0.6666666667,7
5,composition_only,71,2835193311,0.08378802043,0.07106415837,0.004346004069,0.9642857143,0.9080879712,1,1,7
5,composition_only,72,1671370085,0.1349112933,0.1096780383,0.04652969054,0.4285714286,0.4309363389,1,0.6666666667,7
5,composition_only,73,3953588250,0.1089241905,0.08591552069,-0.03319783885,0.8214285714,0.7830635711,1,0.6666666667,7
5,composition_only,74,358542842,0.1273994127,0.1019656888,-0.06904774414,0.7857142857,0.798478517,1,0.6666666667,7
5,composition_only,75,3497188667,0.1164326503,0.09234882074,0.09234882074,0.6071428571,0.8927119613,1,0.6666666667,7
5,composition_only,76,253549709,0.1156135308,0.09391539648,0.08029325675,0.1785714286,0.1927885031,1,0.6666666667,7
5,composition_only,77,1953331372,0.2164892025,0.1827199158,0.1827199158,0.6785714286,0.7179113273,0.8571428571,0.6666666667,7
5,composition_only,78,890775398,0.09410489887,0.08358810144,0.08358810144,0.9285714286,0.9736780749,1,0.6666666667,7
5,composition_only,79,642810498,0.1158117748,0.09094322429,-0.02227897683,0.9642857143,0.7687553814,1,1,7
5,composition_plus_solubility,0,2684470948,0.0959101556,0.06903152961,-0.01678665149,0.8214285714,0.8537478816,1,0.6666666667,7
5,composition_plus_solubility,1,4091952314,0.112113491,0.08696631715,-0.01793259631,0.5357142857,0.7835385506,1,0.3333333333,7
5,composition_plus_solubility,2,233227757,0.1054090323,0.0855336648,0.02048831214,0.6428571429,0.81287849,1,0.6666666667,7
5,composition_plus_solubility,3,3276785861,0.08898419729,0.07402398946,0.03714657747,0.7142857143,0.8934957682,1,0.6666666667,7
5,composition_plus_solubility,4,3644269654,0.1235885046,0.08932862206,-0.06755897389,0.7857142857,0.8270186577,1,0.6666666667,7
5,composition_plus_solubility,5,1206282609,0.09406816756,0.06791254382,-0.02132813864,0.8571428571,0.8825354768,1,0.6666666667,7
5,composition_plus_solubility,6,3543069911,0.1004305536,0.07242446925,0.01007199506,0.6071428571,0.8684247789,1,0.6666666667,7
5,composition_plus_solubility,7,3479688010,0.1135148307,0.09294814181,-0.003680382049,0.5357142857,0.7923050616,1,0.6666666667,7
5,composition_plus_solubility,8,877132087,0.07251731694,0.0658108363,0.01542173858,0.7857142857,0.9175736666,1,0.6666666667,7
5,composition_plus_solubility,9,1244265337,0.1180072869,0.09746848794,-0.03275996206,0.7857142857,0.8194327115,1,0.6666666667,7
5,composition_plus_solubility,10,2740186692,0.1148714872,0.1051299346,0.02925596084,0.4285714286,0.4568990484,1,0.3333333333,7
5,composition_plus_solubility,11,3884972972,0.1251142459,0.08767503754,-0.0853233938,0.7857142857,0.7663111234,1,0.6666666667,7
5,composition_plus_solubility,12,829139639,0.2046818301,0.1560998783,0.1446685345,0.75,0.7785860157,0.8571428571,0.6666666667,7
5,composition_plus_solubility,13,2545567356,0.09490136313,0.06273046749,-0.05119148586,0.8214285714,0.8038115732,1,0.6666666667,7
5,composition_plus_solubility,14,2718398101,0.07191887034,0.06205786924,0.05964091365,0.8571428571,0.7956410268,1,1,7
5,composition_plus_solubility,15,176092387,0.1100366331,0.08960646465,-0.01757779382,0.5357142857,0.7321387104,1,0.3333333333,7
5,composition_plus_solubility,16,3528048386,0.09678912462,0.07249448448,0.03904514594,0.5357142857,0.779840399,1,0.3333333333,7
5,composition_plus_solubility,17,569531098,0.09875253094,0.07598152901,0.000760183866,0.7142857143,0.7902055014,1,0.6666666667,7
5,composition_plus_solubility,18,1337295874,0.1386733614,0.1085128675,0.07031205988,0.5,0.5055264713,1,0.6666666667,7
5,composition_plus_solubility,19,612016888,0.1160042251,0.09963332925,0.08105689348,0.6785714286,0.8857727372,1,0.6666666667,7
5,composition_plus_solubility,20,232150720,0.1117481016,0.0905448187,0.05754906438,0.4642857143,0.840220105,1,0.3333333333,7
5,composition_plus_solubility,21,2324106676,0.06485452976,0.05474633987,0.003732719076,0.8571428571,0.8969737246,1,0.6666666667,7
5,composition_plus_solubility,22,1658700540,0.1447205928,0.1135049165,-0.09744079641,0.6071428571,0.6150439177,1,0.6666666667,7
5,composition_plus_solubility,23,609942288,0.0710011649,0.06112600587,0.03047641123,0.9285714286,0.9434180591,1,0.6666666667,7
5,composition_plus_solubility,24,3405943863,0.1140984678,0.08955795972,-0.02056358961,0.6071428571,0.7993957555,1,0.3333333333,7
5,composition_plus_solubility,25,2257503667,0.1113631725,0.07999832057,0.07863765503,0.6785714286,0.8203909273,1,0.6666666667,7
5,composition_plus_solubility,26,4018327298,0.1453710242,0.1102556533,-0.1102556533,0.6071428571,0.6968545996,1,0.3333333333,7
5,composition_plus_solubility,27,2224437599,0.1332341701,0.1053512541,0.06758094595,0.4285714286,0.4511828127,1,0.3333333333,7
5,composition_plus_solubility,28,168388230,0.1228072793,0.09871832182,-0.05265139037,0.6071428571,0.7922907272,1,0.6666666667,7
5,composition_plus_solubility,29,911875363,0.1204612148,0.09294930408,0.09254000839,0.6785714286,0.9064402314,1,0.6666666667,7
5,composition_plus_solubility,30,3699796293,0.1388147453,0.1100394325,-0.0949970129,0.8928571429,0.7281794102,1,0.6666666667,7
5,composition_plus_solubility,31,3195154224,0.1038474645,0.08334065104,0.01776483997,0.8214285714,0.8479449148,1,0.6666666667,7
5,composition_plus_solubility,32,3621210587,0.1236817927,0.0896979045,-0.06721487869,0.7142857143,0.8174749472,1,0.3333333333,7
5,composition_plus_solubility,33,1945778437,0.128004245,0.104564379,-0.06927932798,0.6071428571,0.6914947288,1,0.3333333333,7
5,composition_plus_solubility,34,2384190687,0.114597925,0.1044772355,0.01766759906,0.6785714286,0.7954401579,1,0.3333333333,7
5,composition_plus_solubility,35,3249086786,0.06960838483,0.05953509794,-0.002863890595,0.7857142857,0.9277385885,1,0.6666666667,7
5,composition_plus_solubility,36,439485575,0.135624413,0.1027593333,-0.08535641794,0.8571428571,0.7565280081,1,1,7
5,composition_plus_solubility,37,2217192537,0.1258411262,0.09342313889,-0.0638334261,0.8571428571,0.7204643812,1,0.6666666667,7
5,composition_plus_solubility,38,3412522237,0.2266339033,0.1887841508,0.1887841508,0.75,0.7152922811,0.8571428571,0.6666666667,7
5,composition_plus_solubility,39,555567425,0.08876597832,0.07350015157,0.03216841335,0.7142857143,0.8928792961,1,0.6666666667,7
5,composition_plus_solubility,40,3399977417,0.1771116178,0.1264945535,0.1264945535,0.75,0.6575290189,0.8571428571,0.6666666667,7
5,composition_plus_solubility,41,2903099886,0.1125162667,0.08558238019,-0.02653555039,0.5357142857,0.5416218917,1,0.6666666667,7
5,composition_plus_solubility,42,151712926,0.1223547856,0.09100583625,-0.06244195548,0.75,0.8153778861,1,0.6666666667,7
5,composition_plus_solubility,43,1207582415,0.09690372019,0.07163554096,0.03727052781,0.3571428571,0.3949152476,1,0.6666666667,7
5,composition_plus_solubility,44,2486821540,0.1358769439,0.1089949531,-0.07789885878,0.8928571429,0.8023410971,1,0.6666666667,7
5,composition_plus_solubility,45,1259821421,0.18669649,0.1367197918,0.133615279,0.3214285714,0.3908171575,0.8571428571,0.6666666667,7
5,composition_plus_solubility,46,597594931,0.09486104985,0.07421866298,0.04339120047,0.6428571429,0.5407880728,1,0.6666666667,7
5,composition_plus_solubility,47,2865206418,0.114200996,0.08277077244,-0.03928195275,0.9642857143,0.8510839291,1,1,7
5,composition_plus_solubility,48,3003750881,0.08872211373,0.07061287331,0.02130214686,0.7142857143,0.898035743,1,0.6666666667,7
5,composition_plus_solubility,49,3312495928,0.1071389528,0.08396644878,0.0356767721,0.75,0.8444355148,1,0.6666666667,7
5,composition_plus_solubility,50,3078168926,0.1285112776,0.1004270398,-0.06434315368,0.1785714286,0.3678377365,1,0.3333333333,7
5,composition_plus_solubility,51,1005097259,0.1030205735,0.0768938645,0.02122072131,0.6071428571,0.7736687463,1,0.6666666667,7
5,composition_plus_solubility,52,1646080115,0.1138409992,0.07825410937,-0.05342637058,0.8928571429,0.7890426024,1,1,7
5,composition_plus_solubility,53,2175304393,0.1036537752,0.06640275202,0.05775286508,0.6071428571,0.779584797,1,0.6666666667,7
5,composition_plus_solubility,54,3907648593,0.1395305844,0.1109641113,-0.0954103274,0.8928571429,0.7200665099,1,0.6666666667,7
5,composition_plus_solubility,55,1971688097,0.1145517497,0.09568678429,-0.005165257089,0.5357142857,0.7961228921,1,0.6666666667,7
5,composition_plus_solubility,56,268300483,0.09340293259,0.07080477633,0.009719432079,0.9285714286,0.886052071,1,0.6666666667,7
5,composition_plus_solubility,57,3139098279,0.1048680128,0.0865695421,0.01310204619,0.7142857143,0.83424207,1,0.6666666667,7
5,composition_plus_solubility,58,3174456534,0.07232371542,0.06262717788,0.006529941909,0.8214285714,0.9278658915,1,0.6666666667,7
5,composition_plus_solubility,59,997026310,0.1125162667,0.08558238019,-0.02653555039,0.5357142857,0.5416218917,1,0.6666666667,7
5,composition_plus_solubility,60,4280428995,0.1727080721,0.1196705349,0.108006068,0.25,0.2694509221,0.8571428571,0.3333333333,7
5,composition_plus_solubility,61,345698675,0.06639733321,0.05062905294,0.01537875215,0.9642857143,0.9466980832,1,0.6666666667,7
5,composition_plus_solubility,62,2296661869,0.06420159428,0.04861006496,0.0137580086,0.8928571429,0.9494042842,1,1,7
5,composition_plus_solubility,63,1808063307,0.09461095759,0.06410902727,-0.007410631455,0.9285714286,0.8794997078,1,0.6666666667,7
5,composition_plus_solubility,64,3884888703,0.1249055818,0.0923507002,-0.07391129132,0.8928571429,0.8616336972,1,0.6666666667,7
5,composition_plus_solubility,65,2494461129,0.06960838483,0.05953509794,-0.002863890595,0.7857142857,0.9277385885,1,0.6666666667,7
5,composition_plus_solubility,66,3862701690,0.1176705419,0.09371229182,-0.05272551463,0.6428571429,0.7380232598,1,0.6666666667,7
5,composition_plus_solubility,67,1989052338,0.1295258508,0.0938116701,-0.07310314843,0.7142857143,0.706235003,1,0.3333333333,7
5,composition_plus_solubility,68,2910179760,0.09857132912,0.07181607734,-0.02218877819,0.9642857143,0.8685087428,1,0.6666666667,7
5,composition_plus_solubility,69,1983180500,0.11893839,0.08657067881,0.08161473152,0.4285714286,0.8802218249,1,0.6666666667,7
5,composition_plus_solubility,70,2796940620,0.1002995556,0.07188074672,0.01168753993,0.7857142857,0.8782280407,1,0.6666666667,7
5,composition_plus_solubility,71,2835193311,0.06602242638,0.05241522687,0.0009097093069,0.9642857143,0.9427866964,1,1,7
5,composition_plus_solubility,72,1671370085,0.1372833238,0.1060632879,0.05882214529,0.4285714286,0.5417056651,1,0.6666666667,7
5,composition_plus_solubility,73,3953588250,0.09593199431,0.06501675239,-0.03458725028,0.8214285714,0.800447381,1,0.6666666667,7
5,composition_plus_solubility,74,358542842,0.1205495674,0.0922185973,-0.05361745668,0.7857142857,0.8334619864,1,0.6666666667,7
5,composition_plus_solubility,75,3497188667,0.1184697249,0.08616346937,0.0757913926,0.6071428571,0.8827128785,1,0.6666666667,7
5,composition_plus_solubility,76,253549709,0.1009960991,0.07438409394,0.04207066271,0.1785714286,0.1927885031,1,0.6666666667,7
5,composition_plus_solubility,77,1953331372,0.2155588329,0.1764103057,0.1764103057,0.6785714286,0.7513502743,0.8571428571,0.6666666667,7
5,composition_plus_solubility,78,890775398,0.07783211326,0.06934064396,0.06524469916,0.9285714286,0.9708617525,1,0.6666666667,7
5,composition_plus_solubility,79,642810498,0.1230262731,0.09343045195,-0.05775274114,0.9642857143,0.8211186921,1,1,7
